date,crisis_shelters,transitional_independent_living_hya,transitional_independent_living_til,crisis_shelters_hya
2019-07-01,81.71000000000001,0,81.11,NA
2019-07-02,82.93,0,81.56,NA
2019-07-03,81.3,0,81.33,NA
2019-07-04,80.89,0,81.56,NA
2019-07-05,83.33,0,81.56,NA
2019-07-06,82.52,0,81.56,NA
2019-07-07,83.33,0,81.56,NA
2019-07-08,79.67,0,81.11,NA
2019-07-09,83.33,0,80.89,NA
2019-07-10,84.96000000000001,0,80.67,NA
2019-07-11,84.96000000000001,0,80.22,NA
2019-07-12,86.59,0,72.99,NA
2019-07-13,86.18,0,72.58,NA
2019-07-14,85.77,0,72.58,NA
2019-07-15,85.37,0,71.49,NA
2019-07-16,83.74,0,72.51,NA
2019-07-17,84.96000000000001,0,73.93,NA
2019-07-18,84.55,0,73.93,NA
2019-07-19,88.21000000000001,0,74.34,NA
2019-07-20,87.4,0,74.53999999999999,NA
2019-07-21,87.4,0,74.53999999999999,NA
2019-07-22,87.8,0,74.75,NA
2019-07-23,86.99,0,74.53999999999999,NA
2019-07-24,85.77,0,74.95,NA
2019-07-25,84.15,0,74.95,NA
2019-07-26,88.21000000000001,0,75.56,NA
2019-07-27,86.99,0,75.76,NA
2019-07-28,85.37,0,75.76,NA
2019-07-29,86.59,0,75.56,NA
2019-07-30,85.37,0,75.15,NA
2019-07-31,86.59,0,74.75,NA
2019-08-01,86.18,0,74.75,NA
2019-08-02,85.77,0,74.95,NA
2019-08-03,83.74,0,75.56,NA
2019-08-04,83.74,0,75.36,NA
2019-08-05,84.15,0,75.36,NA
2019-08-06,84.15,0,74.95,NA
2019-08-07,82.52,0,75.76,NA
2019-08-08,82.93,0,75.86,NA
2019-08-09,82.52,0,75.66,NA
2019-08-10,82.93,0,75.05,NA
2019-08-11,83.74,0,74.44,NA
2019-08-12,82.52,0,74.03999999999999,NA
2019-08-13,82.11,0,75.05,NA
2019-08-14,85.37,0,74.85,NA
2019-08-15,84.15,0,73.63,NA
2019-08-16,84.96000000000001,0,73.63,NA
2019-08-17,84.55,0,74.03999999999999,NA
2019-08-18,85.77,0,73.23,NA
2019-08-19,84.96000000000001,0,73.02,NA
2019-08-20,86.59,0,73.43,NA
2019-08-21,85.77,0,73.63,NA
2019-08-22,85.77,0,75.46000000000001,NA
2019-08-23,86.99,0,76.47,NA
2019-08-24,86.18,0,76.47,NA
2019-08-25,86.59,0,76.27,NA
2019-08-26,84.92,0,77.08,NA
2019-08-27,82.14,0,78.09,NA
2019-08-28,79.37,0,78.09,NA
2019-08-29,77.38,0,78.09,NA
2019-08-30,76.98,0,78.9,NA
2022-05-13,76,100,76.57,94.29
2019-08-31,77.78,0,78.7,NA
2019-09-01,77.78,0,78.3,NA
2019-09-02,80.95,0,78.09,NA
2019-09-03,81.35,0,77.69,NA
2019-09-04,82.94,0,77.28,NA
2019-09-05,85.71000000000001,0,76.88,NA
2019-09-06,85.71000000000001,0,77.08,NA
2019-09-07,86.51,0,77.48,NA
2019-09-08,85.71000000000001,0,77.48,NA
2019-09-09,86.9,0,77.28,NA
2019-09-10,86.51,0,76.47,NA
2019-09-11,84.92,0,77.28,NA
2019-09-12,85.71000000000001,0,76.88,NA
2019-09-13,85.71000000000001,0,76.88,NA
2019-09-14,84.92,0,77.08,NA
2019-09-15,84.92,0,77.28,NA
2019-09-16,83.33,0,77.69,NA
2019-09-17,87.3,0,77.28,NA
2019-09-18,85.71000000000001,0,77.48,NA
2019-09-19,83.33,0,78.3,NA
2019-09-20,86.11,0,78.7,NA
2019-09-21,84.52,0,78.9,NA
2019-09-22,84.92,0,78.5,NA
2019-09-23,84.92,0,78.09,NA
2019-09-24,86.51,0,77.89,NA
2019-09-25,82.14,0,79.11,NA
2019-09-26,81.75,0,78.9,NA
2019-09-27,84.52,0,78.5,NA
2019-09-28,82.94,0,77.89,NA
2019-09-29,83.73,0,78.09,NA
2019-09-30,83.33,0,78.3,NA
2019-10-01,81.35,0,77.89,NA
2019-10-02,84.52,0,78.09,NA
2019-10-03,87.7,0,78.3,NA
2019-10-04,87.7,0,78.3,NA
2019-10-05,88.49,0,78.3,NA
2019-10-06,90.48,0,78.3,NA
2019-10-07,88.49,0,78.09,NA
2019-10-08,90.87,0,77.89,NA
2019-10-09,92.25,0,79.11,NA
2019-10-10,91.09,0,79.11,NA
2019-10-11,87.98,0,79.72,NA
2019-10-12,87.6,0,79.92,NA
2019-10-13,87.98,0,80.12,NA
2019-10-14,88.37,0,80.12,NA
2019-10-15,89.53,0,79.92,NA
2019-10-16,89.15,0,80.32,NA
2019-10-17,88.37,0,80.32,NA
2019-10-18,89.92,0,80.93,NA
2019-10-19,86.82,0,81.14,NA
2019-10-20,86.05,0,81.14,NA
2019-10-21,87.6,0,81.14,NA
2019-10-22,89.92,0,80.93,NA
2019-10-23,89.53,0,80.12,NA
2019-10-24,89.53,0,80.53,NA
2019-10-25,88.76,0,79.92,NA
2019-10-26,89.15,0,80.12,NA
2019-10-27,87.6,0,80.12,NA
2019-10-28,89.53,0,79.51,NA
2019-10-29,91.09,0,79.92,NA
2019-10-30,87.21000000000001,0,79.72,NA
2019-10-31,88.76,0,79.51,NA
2019-11-01,86.43,0,79.31,NA
2019-11-02,86.43,0,79.51,NA
2019-11-03,86.05,0,79.51,NA
2019-11-04,86.05,40,77.69,NA
2019-11-05,86.43,40,77.48,NA
2019-11-06,88.76,40,78.5,NA
2019-11-07,85.66,40,78.3,NA
2019-11-08,86.82,40,78.5,NA
2019-11-09,87.21000000000001,40,78.5,NA
2019-11-10,87.98,40,78.5,NA
2019-11-11,86.82,40,79.31,NA
2019-11-12,87.21000000000001,40,78.9,NA
2019-11-13,87.21000000000001,40,79.72,NA
2019-11-14,86.05,40,80.53,NA
2019-11-15,85.66,40,80.53,NA
2019-11-16,87.21000000000001,40,80.93,NA
2019-11-17,87.98,40,81.14,NA
2019-11-18,89.15,40,80.53,NA
2019-11-19,89.53,40,80.53,NA
2019-11-20,89.92,40,80.73,NA
2019-11-21,89.53,40,81.74,NA
2019-11-22,91.47,44,82.56,NA
2019-11-23,89.92,44,83.16,NA
2019-11-24,89.53,44,83.16,NA
2019-11-25,87.21000000000001,48,83.57,NA
2019-11-26,87.6,48,83.57,NA
2019-11-27,87.98,48,84.78999999999999,NA
2019-11-28,86.05,48,83.98,NA
2019-11-29,87.21000000000001,48,83.77,NA
2019-11-30,87.21000000000001,56,83.16,NA
2019-12-01,88.37,56,82.76,NA
2019-12-02,88.76,60,81.74,NA
2019-12-03,87.98,60,82.15,NA
2019-12-04,88.37,68,82.56,NA
2019-12-05,89.53,76,82.35,NA
2019-12-06,88.37,84,82.76,NA
2019-12-07,89.15,80,82.35,NA
2019-12-08,89.53,80,82.76,NA
2019-12-09,88.76,80,83.37,NA
2019-12-10,89.15,80,83.57,NA
2019-12-11,88.37,80,84.38,NA
2019-12-12,86.82,84,85.19,NA
2019-12-13,86.05,84,84.58,NA
2019-12-14,86.82,88,84.78999999999999,NA
2019-12-15,88.37,88,85.4,NA
2019-12-16,87.6,88,85.4,NA
2019-12-17,87.98,92,86.61,NA
2019-12-18,89.92,92,86.21000000000001,NA
2019-12-19,89.92,100,86.21000000000001,NA
2019-12-20,89.15,100,86,NA
2019-12-21,89.92,100,86,NA
2019-12-22,90.31,100,86.21000000000001,NA
2019-12-23,91.86,100,85.6,NA
2019-12-24,91.86,100,85.6,NA
2019-12-25,93.02,100,85.4,NA
2019-12-26,91.86,100,85.19,NA
2019-12-27,93.41,100,85.6,NA
2019-12-28,93.41,100,85.6,NA
2019-12-29,92.25,100,85.4,NA
2019-12-30,91.86,96,84.99,NA
2019-12-31,89.53,96,86,NA
2020-01-01,91.47,96,86.61,NA
2020-01-02,94.19,96,86.41,NA
2020-01-03,95.35,100,86.82,NA
2020-01-04,95.35,100,86.41,NA
2020-01-05,93.8,100,86.21000000000001,NA
2020-01-06,91.47,100,86.41,NA
2020-01-07,93.41,100,86.41,NA
2020-01-08,96.12,100,86.61,NA
2020-01-09,93.8,100,87.22,NA
2020-01-10,94.96,100,88.03,NA
2020-01-11,94.19,100,87.83,NA
2020-01-12,96.12,100,87.42,NA
2020-01-13,94.96,100,88.03,NA
2020-01-14,93.8,100,88.64,NA
2020-01-15,95.35,100,89.45,NA
2020-01-16,94.57,100,90.06,NA
2020-01-17,93.8,100,89.66,NA
2020-01-18,93.41,100,89.66,NA
2020-01-19,93.8,100,89.45,NA
2020-01-20,94.19,100,89.05,NA
2020-01-21,93.8,100,89.25,NA
2020-01-22,93.02,100,89.05,NA
2020-01-23,94.96,100,90.06,NA
2020-01-24,93.02,100,89.66,NA
2020-01-25,90.31,100,89.66,NA
2020-01-26,90.31,100,89.86,NA
2020-01-27,92.64,100,90.47,NA
2020-01-28,91.47,100,90.67,NA
2020-01-29,90.7,100,90.87,NA
2020-01-30,91.86,100,90.26,NA
2020-01-31,91.09,100,89.86,NA
2020-02-01,91.47,100,90.06,NA
2020-02-02,91.86,100,89.45,NA
2020-02-03,94.96,100,89.25,NA
2020-02-04,95.74,100,89.45,NA
2020-02-05,94.19,100,89.25,NA
2020-02-06,92.64,100,89.66,NA
2020-02-07,88.37,100,90.47,NA
2020-02-08,91.09,100,90.87,NA
2020-02-09,89.53,100,91.28,NA
2020-02-10,89.15,100,91.48,NA
2020-02-11,90.7,100,91.08,NA
2020-02-12,91.86,100,90.87,NA
2020-02-13,92.25,100,91.28,NA
2020-02-14,96.12,100,91.28,NA
2020-02-15,94.57,100,91.08,NA
2020-02-16,96.12,100,91.09,NA
2020-02-17,94.96,100,90.89,NA
2020-02-18,92.64,100,90.69,NA
2020-02-19,92.25,100,90.69,NA
2020-02-20,90.7,96,90.28,NA
2020-02-21,91.09,100,90.28,NA
2020-02-22,92.25,100,90.69,NA
2020-02-23,93.41,100,90.69,NA
2020-02-24,93.41,96,90.49,NA
2020-02-25,94.57,96,90.69,NA
2020-02-26,95.35,100,89.88,NA
2020-02-27,91.86,96,90.28,NA
2020-02-28,92.25,88,90.28,NA
2020-02-29,93.41,88,89.88,NA
2020-03-01,91.86,88,90.08,NA
2020-03-02,91.09,88,90.49,NA
2020-03-03,92.25,96,91.09,NA
2020-03-04,86.82,92,92.31,NA
2020-03-05,87.6,96,92.91,NA
2020-03-06,84.88,96,93.32,NA
2020-03-07,85.66,96,93.32,NA
2020-03-08,86.43,96,92.51,NA
2020-03-09,86.82,96,92.51,NA
2020-03-10,88.76,92,92.31,NA
2020-03-11,86.05,92,92.51,NA
2020-03-12,84.5,84,92.91,NA
2020-03-13,84.11,92,92.11,NA
2020-03-14,84.88,92,92.31,NA
2020-03-15,84.11,92,92.11,NA
2020-03-16,87.98,92,91.9,NA
2020-03-17,89.15,96,91.7,NA
2020-03-18,87.6,96,91.09,NA
2020-03-19,89.15,96,91.09,NA
2020-03-20,86.43,92,91.5,NA
2020-03-21,85.27,88,91.3,NA
2020-03-22,87.21000000000001,88,91.3,NA
2020-03-23,89.15,88,90.89,NA
2020-03-24,89.53,88,90.08,NA
2020-03-25,89.15,88,89.88,NA
2020-03-26,86.43,92,90.28,NA
2020-03-27,83.33,92,89.68,NA
2020-03-28,80.62,92,90.08,NA
2020-03-29,80.62,92,89.47,NA
2020-03-30,77.91,96,89.27,NA
2020-03-31,75.19,96,88.87,NA
2020-04-01,74.03,96,88.26,NA
2020-04-02,71.71000000000001,96,88.26,NA
2020-04-03,70.53999999999999,92,88.26,NA
2020-04-04,69.38,92,88.06,NA
2020-04-05,68.99,92,87.65,NA
2020-04-06,68.6,92,87.45,NA
2020-04-07,70.53999999999999,92,86.84,NA
2020-04-08,70.16,92,87.03999999999999,NA
2020-04-09,70.93,92,86.64,NA
2020-04-10,69.77,92,85.63,NA
2020-04-11,69.38,96,85.63,NA
2020-04-12,67.83,96,85.63,NA
2020-04-13,69.38,96,85.83,NA
2020-04-14,70.53999999999999,96,85.43,NA
2020-04-15,71.71000000000001,96,85.02,NA
2020-04-16,72.87,96,84.82,NA
2020-04-17,72.09,96,84.41,NA
2020-04-18,70.93,96,83.81,NA
2020-04-19,70.53999999999999,96,84.01,NA
2020-04-20,68.22,96,83.6,NA
2020-04-21,67.83,92,83,NA
2020-04-22,69.38,96,83.81,NA
2020-04-23,70.53999999999999,92,83.81,NA
2020-04-24,70.93,92,83.6,NA
2020-04-25,71.71000000000001,92,83.4,NA
2020-04-26,70.16,92,83.81,NA
2020-04-27,71.32,92,84.21000000000001,NA
2020-04-28,70.53999999999999,92,84.01,NA
2020-04-29,72.48,92,83.6,NA
2020-04-30,71.32,92,83.6,NA
2020-05-01,69.38,92,83.4,NA
2020-05-02,68.99,92,83.4,NA
2020-05-03,68.99,92,83.4,NA
2020-05-04,66.28,92,83.81,NA
2020-05-05,68.6,92,83.2,NA
2020-05-06,70.93,96,84.01,NA
2020-05-07,70.16,96,83.81,NA
2020-05-08,71.32,96,83.4,NA
2020-05-09,70.16,96,82.78999999999999,NA
2020-05-10,70.53999999999999,96,82.59,NA
2020-05-11,70.16,96,82.59,NA
2020-05-12,69.38,92,83,NA
2020-05-13,70.16,96,83.6,NA
2020-05-14,70.53999999999999,96,83.6,NA
2020-05-15,68.99,96,83.81,NA
2020-05-16,68.6,96,83.81,NA
2020-05-17,68.22,92,84.01,NA
2020-05-18,68.99,92,84.21000000000001,NA
2020-05-19,72.09,92,86.03,NA
2020-05-20,71.71000000000001,96,86.64,NA
2020-05-21,72.48,96,86.44,NA
2020-05-22,71.71000000000001,96,85.63,NA
2020-05-23,70.93,92,85.02,NA
2020-05-24,70.16,92,85.22,NA
2020-05-25,67.83,92,85.22,NA
2020-05-26,67.44,92,85.83,NA
2020-05-27,68.22,88,85.02,NA
2020-05-28,68.22,92,85.02,NA
2020-05-29,68.6,92,85.22,NA
2020-05-30,68.22,92,85.22,NA
2020-05-31,69.77,92,85.22,NA
2020-06-01,67.05,84,85.83,NA
2020-06-02,67.83,88,85.43,NA
2020-06-03,68.99,88,85.63,NA
2020-06-04,67.83,92,85.63,NA
2020-06-05,68.22,92,85.22,NA
2020-06-06,68.22,92,85.22,NA
2020-06-07,67.44,92,84.01,NA
2020-06-08,70.16,92,83.6,NA
2020-06-09,67.05,92,84.62,NA
2020-06-10,68.6,96,84.62,NA
2020-06-11,65.12,96,84.41,NA
2020-06-12,62.4,96,84.21000000000001,NA
2020-06-13,63.18,96,83.4,NA
2020-06-14,63.18,96,83.4,NA
2020-06-15,61.63,96,83,NA
2020-06-16,64.34,96,82.59,NA
2020-06-17,63.95,96,81.78,NA
2020-06-18,63.57,96,81.58,NA
2020-06-19,61.24,96,81.58,NA
2020-06-20,62.4,96,81.78,NA
2020-06-21,60.08,92,81.58,NA
2020-06-22,58.91,92,80.97,NA
2020-06-23,61.63,92,80.57,NA
2020-06-24,62.4,92,80.36,NA
2020-06-25,62.79,92,79.96000000000001,NA
2020-06-26,61.63,92,80.36,NA
2020-06-27,61.24,92,80.36,NA
2020-06-28,60.85,92,79.96000000000001,NA
2020-06-29,62.02,92,80.16,NA
2020-06-30,62.4,84,79.55,NA
2020-07-01,65.5,88,79.96000000000001,NA
2020-07-02,62.4,88,79.15,NA
2020-07-03,63.57,88,79.15,NA
2020-07-04,62.4,88,78.74,NA
2020-07-05,59.3,84,78.14,NA
2020-07-06,58.53,84,77.33,NA
2020-07-07,59.69,80,77.73,NA
2020-07-08,60.08,80,76.72,NA
2020-07-09,60.08,80,77.53,NA
2020-07-10,60.85,80,77.33,NA
2020-07-11,60.08,80,76.92,NA
2020-07-12,59.3,80,76.72,NA
2020-07-13,62.79,88,75.1,NA
2020-07-14,65.12,88,74.7,NA
2020-07-15,65.12,84,74.49,NA
2020-07-16,66.28,84,73.89,NA
2020-07-17,65.89,84,73.89,NA
2020-07-18,65.5,84,73.89,NA
2020-07-19,64.34,84,74.09,NA
2020-07-20,62.4,84,74.9,NA
2020-07-21,61.63,84,76.11,NA
2020-07-22,62.02,88,76.11,NA
2020-07-23,62.79,88,76.11,NA
2020-07-24,64.72999999999999,88,76.72,NA
2020-07-25,65.12,88,76.92,NA
2020-07-26,65.5,88,76.52,NA
2020-07-27,67.05,92,76.11,NA
2020-07-28,67.05,92,76.92,NA
2020-07-29,68.22,88,77.13,NA
2020-07-30,70.16,88,76.72,NA
2020-07-31,68.22,88,76.92,NA
2020-08-01,65.89,88,77.13,NA
2020-08-02,67.83,88,76.92,NA
2020-08-03,69.77,88,76.92,NA
2020-08-04,68.99,88,76.11,NA
2020-08-05,69.77,92,76.32,NA
2020-08-06,69.77,92,76.52,NA
2020-08-07,68.6,92,76.92,NA
2020-08-08,68.99,92,76.92,NA
2020-08-09,67.83,88,77.13,NA
2020-08-10,68.6,88,77.33,NA
2020-08-11,68.22,88,77.73,NA
2020-08-12,68.99,88,77.13,NA
2020-08-13,67.83,92,75.91,NA
2020-08-14,67.83,92,76.11,NA
2020-08-15,62.79,92,75.91,NA
2020-08-16,63.18,92,75.71000000000001,NA
2020-08-17,63.18,92,76.11,NA
2020-08-18,65.89,92,76.11,NA
2020-08-19,65.5,88,76.52,NA
2020-08-20,66.28,92,76.32,NA
2020-08-21,64.72999999999999,96,76.52,NA
2020-08-22,63.57,96,76.11,NA
2020-08-23,62.79,96,76.11,NA
2020-08-24,63.18,96,76.32,NA
2020-08-25,60.47,96,76.92,NA
2020-08-26,60.85,96,77.33,NA
2020-08-27,60.85,96,77.33,NA
2020-08-28,62.02,96,76.32,NA
2020-08-29,62.79,100,75.71000000000001,NA
2020-08-30,61.24,100,75.51,NA
2020-08-31,65.12,100,75.71000000000001,NA
2020-09-01,65.89,100,75.51,NA
2020-09-02,63.95,100,75.71000000000001,NA
2020-09-03,67.05,96,75.51,NA
2020-09-04,67.05,92,75.91,NA
2020-09-05,68.22,92,75.71000000000001,NA
2020-09-06,66.28,92,75.91,NA
2020-09-07,65.89,96,76.32,NA
2020-09-08,68.99,96,75.91,NA
2020-09-09,68.99,96,75.91,NA
2020-09-10,70.53999999999999,96,75.91,NA
2020-09-11,71.32,96,76.32,NA
2020-09-12,72.87,96,76.11,NA
2020-09-13,71.71000000000001,96,75.91,NA
2020-09-14,72.48,96,75.71000000000001,NA
2020-09-15,72.48,96,75.51,NA
2020-09-16,71.71000000000001,96,75.51,NA
2020-09-17,70.53999999999999,96,75.3,NA
2020-09-18,72.87,96,74.9,NA
2020-09-19,74.03,96,74.49,NA
2020-09-20,73.64,96,74.49,NA
2020-09-21,73.26,96,74.28999999999999,NA
2020-09-22,74.42,92,74.09,NA
2020-09-23,74.42,96,74.7,NA
2020-09-24,72.09,96,75.51,NA
2020-09-25,70.53999999999999,96,75.1,NA
2020-09-26,69.38,100,74.7,NA
2020-09-27,70.16,100,74.49,NA
2020-09-28,70.93,100,75.1,NA
2020-09-29,70.53999999999999,100,75.1,NA
2020-09-30,70.16,100,74.7,NA
2020-10-01,72.09,100,74.09,NA
2020-10-02,72.48,92,73.89,NA
2020-10-03,73.26,96,73.48,NA
2020-10-04,70.16,96,73.08,NA
2020-10-05,72.09,100,73.48,NA
2020-10-06,72.87,100,73.89,NA
2020-10-07,72.09,100,74.09,NA
2020-10-08,72.87,100,74.09,NA
2020-10-09,69.77,100,73.68,NA
2020-10-10,69.38,100,73.48,NA
2020-10-11,68.6,100,73.48,NA
2020-10-12,68.22,100,73.48,NA
2020-10-13,69.38,96,73.48,NA
2020-10-14,68.6,96,74.09,NA
2020-10-15,67.44,96,73.89,NA
2020-10-16,70.93,96,74.09,NA
2020-10-17,70.93,96,74.7,NA
2020-10-18,72.48,96,74.7,NA
2020-10-19,72.87,96,74.49,NA
2020-10-20,73.64,96,74.49,NA
2020-10-21,72.87,96,74.49,NA
2020-10-22,73.64,96,75.1,NA
2020-10-23,68.6,96,76.52,NA
2020-10-24,67.05,100,76.72,NA
2020-10-25,66.67,100,76.52,NA
2020-10-26,67.83,100,76.52,NA
2020-10-27,70.16,100,77.33,NA
2020-10-28,69.38,100,77.94,NA
2020-10-29,69.38,100,78.34,NA
2020-10-30,69.77,96,78.74,NA
2020-10-31,66.67,96,78.74,NA
2020-11-01,68.99,96,78.53999999999999,NA
2020-11-02,68.99,100,78.34,NA
2020-11-03,72.48,100,78.53999999999999,NA
2020-11-04,70.53999999999999,100,78.95,NA
2020-11-05,69.38,100,80.16,NA
2020-11-06,71.71000000000001,100,79.55,NA
2020-11-07,69.77,100,79.35,NA
2020-11-08,71.32,100,78.95,NA
2020-11-09,72.09,100,78.53999999999999,NA
2020-11-10,72.09,100,78.53999999999999,NA
2020-11-11,69.77,100,78.74,NA
2020-11-12,70.53999999999999,100,78.74,NA
2020-11-13,70.93,100,78.34,NA
2020-11-14,73.64,96,78.14,NA
2020-11-15,72.87,96,77.73,NA
2020-11-16,72.87,92,77.53,NA
2020-11-17,74.42,92,78.34,NA
2020-11-18,74.03,96,79.15,NA
2020-11-19,72.87,100,78.95,NA
2020-11-20,72.87,100,79.55,NA
2020-11-21,71.32,100,79.55,NA
2020-11-22,69.77,100,79.76,NA
2020-11-23,70.16,100,79.35,NA
2020-11-24,72.09,100,79.76,NA
2020-11-25,70.93,100,79.96000000000001,NA
2020-11-26,69.77,100,79.96000000000001,NA
2020-11-27,69.77,100,79.55,NA
2020-11-28,69.38,100,79.35,NA
2020-11-29,70.93,100,78.74,NA
2020-11-30,69.77,100,78.74,NA
2020-12-01,72.09,92,78.74,NA
2020-12-02,73.26,96,78.74,NA
2020-12-03,72.87,96,79.15,NA
2020-12-04,71.32,96,79.96000000000001,NA
2020-12-05,71.32,96,80.57,NA
2020-12-06,72.09,96,80.57,NA
2020-12-07,74.03,96,80.16,NA
2020-12-08,72.09,96,80.77,NA
2020-12-09,71.32,96,80.77,NA
2020-12-10,70.16,96,80.97,NA
2020-12-11,69.38,96,80.36,NA
2020-12-12,70.53999999999999,96,80.16,NA
2020-12-13,69.77,96,80.16,NA
2020-12-14,69.77,96,80.57,NA
2020-12-15,72.09,96,80.16,NA
2020-12-16,74.42,96,80.16,NA
2020-12-17,72.09,96,79.76,NA
2020-12-18,72.09,96,79.55,NA
2020-12-19,72.48,96,79.55,NA
2020-12-20,70.93,96,79.35,NA
2020-12-21,71.32,96,79.15,NA
2020-12-22,72.48,96,79.55,NA
2020-12-23,70.93,96,79.35,NA
2020-12-24,70.16,96,79.35,NA
2020-12-25,71.32,96,79.35,NA
2020-12-26,71.71000000000001,96,78.95,NA
2020-12-27,69.77,92,78.95,NA
2020-12-28,70.53999999999999,88,78.53999999999999,NA
2020-12-29,70.53999999999999,84,78.95,NA
2020-12-30,71.32,84,79.15,NA
2020-12-31,72.87,84,79.96000000000001,0
2021-01-01,73.26,84,79.15,0
2021-01-02,74.03,84,78.53999999999999,6.670000000000002
2021-01-03,73.64,84,77.73,40
2021-01-04,73.26,84,78.34,53.33
2021-01-05,71.71000000000001,84,78.74,53.33
2021-01-06,73.64,84,78.14,60
2021-01-07,73.26,84,77.53,60
2021-01-08,73.64,88,76.32,60
2021-01-09,70.93,88,76.52,60
2021-01-10,70.16,88,76.11,60
2021-01-11,66.28,88,76.72,60
2021-01-12,64.34,88,76.72,60
2021-01-13,65.12,92,77.13,80
2021-01-14,64.72999999999999,96,77.73,80
2021-01-15,63.18,96,77.53,80
2021-01-16,62.4,96,77.53,80
2021-01-17,62.4,96,77.33,80
2021-01-18,61.63,96,77.53,80
2021-01-19,63.18,92,77.33,80
2021-01-20,62.02,92,78.34,80
2021-01-21,62.02,92,78.34,80
2021-01-22,64.72999999999999,92,77.73,80
2021-01-23,63.95,92,77.33,80
2021-01-24,64.34,92,77.53,80
2021-01-25,65.12,96,77.53,80
2021-01-26,61.24,96,77.53,80
2021-01-27,59.3,96,77.94,80
2021-01-28,59.3,92,77.73,80
2021-01-29,57.36,88,78.14,80
2021-01-30,55.43,88,78.34,80
2021-01-31,56.2,84,78.34,80
2021-02-01,56.98,84,78.53999999999999,73.33
2021-02-02,57.75,84,78.14,73.33
2021-02-03,56.2,88,78.14,73.33
2021-02-04,57.36,88,77.94,73.33
2021-02-05,57.75,88,77.53,73.33
2021-02-06,57.36,88,78.14,73.33
2021-02-07,58.14,88,77.53,73.33
2021-02-08,58.53,88,77.73,73.33
2021-02-09,61.24,92,77.53,73.33
2021-02-10,61.24,92,76.11,93.33
2021-02-11,62.02,92,76.92,93.33
2021-02-12,62.02,88,76.92,93.33
2021-02-13,62.4,88,77.33,93.33
2021-02-14,62.79,88,77.33,93.33
2021-02-15,63.95,88,77.13,93.33
2021-02-16,65.12,88,77.53,100
2021-02-17,67.05,88,76.72,100
2021-02-18,67.83,88,76.92,100
2021-02-19,68.6,88,76.72,100
2021-02-20,70.93,88,76.92,100
2021-02-21,69.77,88,76.92,100
2021-02-22,67.83,88,78.34,100
2021-02-23,68.6,88,78.34,100
2021-02-24,70.16,88,77.73,100
2021-02-25,68.99,88,77.94,100
2021-02-26,68.6,88,78.53999999999999,100
2021-02-27,69.77,88,78.34,100
2021-02-28,67.44,88,78.14,100
2021-03-01,66.28,92,77.73,100
2021-03-02,65.89,92,77.73,100
2021-03-03,65.12,92,77.53,100
2021-03-04,65.12,92,76.92,100
2021-03-05,65.5,92,77.13,100
2021-03-06,66.28,92,77.33,100
2021-03-07,67.44,92,76.92,93.33
2021-03-08,69.77,92,76.72,93.33
2021-03-09,70.53999999999999,92,76.92,80
2021-03-10,69.38,92,77.33,40
2021-03-11,70.16,96,77.94,40
2021-03-12,70.53999999999999,96,77.33,45.71
2021-03-13,69.38,96,77.33,45.71
2021-03-14,68.6,96,77.33,45.71
2021-03-15,70.53999999999999,96,77.13,48.57
2021-03-16,70.53999999999999,96,77.53,48.57
2021-03-17,67.83,96,77.17,54.29
2021-03-18,67.44,96,77.37,54.29
2021-03-19,65.5,96,77.17,54.29
2021-03-20,64.34,96,77.17,54.29
2021-03-21,63.57,96,77.17,57.14
2021-03-22,64.34,96,76.97,57.14
2021-03-23,66.28,100,77.17,57.14
2021-03-24,66.67,96,76.97,57.14
2021-03-25,63.95,92,77.58,60
2021-03-26,64.34,92,78.18,62.86
2021-03-27,65.12,92,77.58,65.71000000000001
2021-03-28,66.28,92,77.17,68.57
2021-03-29,66.28,88,76.57,68.57
2021-03-30,67.05,88,75.76,71.43
2021-03-31,68.99,88,75.15,71.43
2021-04-01,68.22,88,74.75,74.28999999999999
2021-04-02,69.38,88,74.34,65.71000000000001
2021-04-03,71.32,88,73.53999999999999,65.71000000000001
2021-04-04,71.32,88,73.53999999999999,65.71000000000001
2021-04-05,71.32,88,73.74,77.14
2021-04-06,70.16,88,73.74,74.28999999999999
2021-04-07,71.71000000000001,92,73.74,80
2021-04-08,72.09,96,73.94,91.43
2021-04-09,71.32,96,73.94,85.71000000000001
2021-04-10,71.32,96,73.94,82.86
2021-04-11,74.03,96,73.74,82.86
2021-04-12,74.03,96,73.53999999999999,82.86
2021-04-13,74.42,100,73.53999999999999,77.14
2021-04-14,73.26,100,73.13,74.28999999999999
2021-04-15,70.93,100,73.94,74.28999999999999
2021-04-16,69.38,96,73.53999999999999,74.28999999999999
2021-04-17,68.99,96,73.74,77.14
2021-04-18,69.77,96,73.94,77.14
2021-04-19,70.4,96,73.94,82.86
2021-04-20,71.2,96,74.14,82.86
2021-04-21,74.4,96,74.34,74.28999999999999
2021-04-22,72.8,96,73.94,74.28999999999999
2021-04-23,73.2,92,74.34,71.43
2021-04-24,72,92,74.55,68.57
2021-04-25,71.6,88,74.34,68.57
2021-04-26,68.4,84,73.94,68.57
2021-04-27,67.6,84,73.94,74.28999999999999
2021-04-28,68.8,84,73.94,74.28999999999999
2021-04-29,72,88,74.55,85.71000000000001
2021-04-30,71.6,88,74.14,88.57
2021-05-01,71.2,88,73.33,85.71000000000001
2021-05-02,72,88,72.93,88.57
2021-05-03,71.6,88,72.53,88.57
2021-05-04,73.6,88,71.92,91.43
2021-05-05,74.4,88,71.72,91.43
2021-05-06,73.2,88,71.31,88.57
2021-05-07,70.4,88,71.31,94.29
2021-05-08,73.2,88,70.71000000000001,100
2021-05-09,73.2,88,71.11,97.14
2021-05-10,72.8,88,71.52,88.57
2021-05-11,72.4,92,71.52,88.57
2021-05-12,72,96,71.31,85.71000000000001
2021-05-13,72.4,96,71.52,88.57
2021-05-14,70.8,100,71.92,88.57
2021-05-15,70,100,71.72,88.57
2021-05-16,70.4,100,71.52,88.57
2021-05-17,73.2,100,71.92,100
2021-05-18,71.6,100,71.72,100
2021-05-19,70.4,100,70.51,100
2021-05-20,71.2,100,71.72,97.14
2021-05-21,70.8,100,71.11,97.14
2021-05-22,71.6,100,71.11,94.29
2021-05-23,70,100,71.11,97.14
2021-05-24,71.2,100,70.51,97.14
2021-05-25,72,100,70.71000000000001,97.14
2021-05-26,73.6,100,70.91,94.29
2021-05-27,74,100,70.91,85.71000000000001
2021-05-28,74.4,100,70.3,85.71000000000001
2021-05-29,75.2,100,69.9,85.71000000000001
2021-05-30,74.8,100,69.49,85.71000000000001
2021-05-31,73.6,100,69.49,85.71000000000001
2021-06-01,72.8,100,69.49,85.71000000000001
2021-06-02,74,100,70.1,85.71000000000001
2021-06-03,73.2,100,70.51,85.71000000000001
2021-06-04,71.6,100,71.11,88.57
2021-06-05,70,100,70.91,88.57
2021-06-06,68.8,96,71.11,88.57
2021-06-07,69.2,96,70.91,88.57
2021-06-08,69.2,96,71.31,88.57
2021-06-09,67.2,96,71.72,85.71000000000001
2021-06-10,67.2,100,71.72,85.71000000000001
2021-06-11,67.6,100,71.31,85.71000000000001
2021-06-12,68.8,100,71.52,88.57
2021-06-13,67.6,100,71.72,88.57
2021-06-14,71.2,100,71.72,88.57
2021-06-15,68,100,72.32,94.29
2021-06-16,66.4,100,72.32,94.29
2021-06-17,67.2,100,72.12,88.57
2021-06-18,69.2,100,71.92,88.57
2021-06-19,68.8,100,71.92,88.57
2021-06-20,69.2,100,71.52,88.57
2021-06-21,70,100,71.31,85.71000000000001
2021-06-22,68,100,72.32,88.57
2021-06-23,69.6,100,72.12,91.43
2021-06-24,70,100,72.32,85.71000000000001
2021-06-25,70,100,72.53,85.71000000000001
2021-06-26,71.2,100,72.32,85.71000000000001
2021-06-27,73.2,100,72.12,85.71000000000001
2021-06-28,73.6,100,71.92,82.86
2021-06-29,72.8,100,71.72,85.71000000000001
2021-06-30,71.6,100,71.52,71.43
2021-07-01,72.87,100,71.52,88.57
2021-07-02,71.71000000000001,100,71.52,91.43
2021-07-03,73.26,96,71.52,91.43
2021-07-04,72.87,96,71.72,91.43
2021-07-05,72.87,96,71.72,91.43
2021-07-06,70.53999999999999,96,71.72,88.57
2021-07-07,68.6,100,71.72,77.14
2021-07-08,67.83,100,71.31,82.86
2021-07-09,67.44,100,71.52,82.86
2021-07-10,68.22,100,71.31,82.86
2021-07-11,67.83,100,70.91,85.71000000000001
2021-07-12,66.67,96,70.91,85.71000000000001
2021-07-13,63.95,96,71.52,100
2021-07-14,66.67,96,71.72,97.14
2021-07-15,66.67,96,71.11,97.14
2021-07-16,66.67,96,71.92,97.14
2021-07-17,68.22,96,72.12,97.14
2021-07-18,68.22,96,72.32,91.43
2021-07-19,66.67,96,72.12,94.29
2021-07-20,70.16,96,71.52,94.29
2021-07-21,70.93,96,71.92,94.29
2021-07-22,69.38,96,72.32,94.29
2021-07-23,67.83,96,72.12,94.29
2021-07-24,67.83,96,71.31,91.43
2021-07-25,67.44,96,70.71000000000001,88.57
2021-07-26,66.67,96,70.51,88.57
2021-07-27,68.99,96,70.51,88.57
2021-07-28,68.99,96,70.71000000000001,91.43
2021-07-29,68.99,96,70.51,91.43
2021-07-30,71.71000000000001,96,70.1,91.43
2021-07-31,71.71000000000001,96,70.1,91.43
2021-08-01,72.48,96,69.9,91.43
2021-08-02,72.09,96,69.7,94.29
2021-08-03,71.32,96,68.89,91.43
2021-08-04,71.71000000000001,96,68.69,91.43
2021-08-05,70.53999999999999,96,69.28999999999999,94.29
2021-08-06,70.16,96,68.89,97.14
2021-08-07,72.09,96,69.28999999999999,94.29
2021-08-08,70.93,96,69.28999999999999,94.29
2021-08-09,71.32,96,69.09,94.29
2021-08-10,72.48,96,67.88,91.43
2021-08-11,71.32,96,67.88,91.43
2021-08-12,70.53999999999999,96,67.88,91.43
2021-08-13,70.16,96,68.28,91.43
2021-08-14,70.53999999999999,96,68.08,94.29
2021-08-15,68.6,96,67.88,94.29
2021-08-16,68.22,96,67.68,97.14
2021-08-17,69.38,96,67.47,97.14
2021-08-18,68.22,96,67.27000000000001,85.71000000000001
2021-08-19,66.67,96,68.08,94.29
2021-08-20,66.28,96,68.08,97.14
2021-08-21,65.12,96,68.48,91.43
2021-08-22,65.12,96,68.69,88.57
2021-08-23,65.89,96,68.48,91.43
2021-08-24,67.44,96,68.08,91.43
2021-08-25,67.83,96,67.88,91.43
2021-08-26,70.16,96,67.88,94.29
2021-08-27,69.38,96,67.68,91.43
2021-08-28,68.22,96,68.08,94.29
2021-08-29,65.89,96,68.08,91.43
2021-08-30,60.85,96,68.08,94.29
2021-08-31,59.3,96,69.28999999999999,97.14
2021-09-01,58.14,96,69.7,100
2021-09-02,56.59,96,69.28999999999999,100
2021-09-03,56.98,96,69.09,100
2021-09-04,58.14,96,69.09,100
2021-09-05,58.14,96,69.28999999999999,100
2021-09-06,56.98,96,68.89,94.29
2021-09-07,62.4,96,68.69,91.43
2021-09-08,63.57,96,68.48,88.57
2021-09-09,65.12,96,68.89,85.71000000000001
2021-09-10,67.05,96,68.69,85.71000000000001
2021-09-11,67.83,96,68.48,82.86
2021-09-12,67.05,96,68.69,85.71000000000001
2021-09-13,70.16,88,67.88,97.14
2021-09-14,67.83,96,68.08,97.14
2021-09-15,71.71000000000001,96,68.08,97.14
2021-09-16,71.32,96,68.48,97.14
2021-09-17,70.53999999999999,96,68.89,97.14
2021-09-18,70.93,96,68.69,97.14
2021-09-19,70.93,96,68.28,100
2021-09-20,68.22,96,67.68,100
2021-09-21,67.44,96,68.48,100
2021-09-22,68.99,96,68.48,100
2021-09-23,68.99,96,68.28,100
2021-09-24,69.77,92,68.48,100
2021-09-25,70.16,92,68.48,100
2021-09-26,69.77,92,68.08,100
2021-09-27,67.44,92,68.89,100
2021-09-28,67.83,92,69.28999999999999,88.57
2021-09-29,65.89,92,69.09,97.14
2021-09-30,66.67,92,69.09,97.14
2021-10-01,68.22,92,68.89,94.29
2021-10-02,68.6,92,69.09,94.29
2021-10-03,68.22,92,69.28999999999999,97.14
2021-10-04,68.99,92,69.09,97.14
2021-10-05,67.05,92,69.49,97.14
2021-10-06,68.99,88,69.9,100
2021-10-07,68.99,92,70.3,100
2021-10-08,69.77,88,71.11,100
2021-10-09,69.38,88,71.52,100
2021-10-10,67.83,88,71.52,100
2021-10-11,67.05,88,70.51,97.14
2021-10-12,67.44,88,70.91,94.29
2021-10-13,68.6,92,71.31,94.29
2021-10-14,69.77,92,71.31,97.14
2021-10-15,66.28,92,71.52,97.14
2021-10-16,66.28,92,71.52,97.14
2021-10-17,64.72999999999999,92,71.52,97.14
2021-10-18,66.67,92,71.11,94.29
2021-10-19,68.22,96,71.11,85.71000000000001
2021-10-20,71.32,96,71.11,85.71000000000001
2021-10-21,70.93,96,71.92,85.71000000000001
2021-10-22,71.71000000000001,100,71.52,85.71000000000001
2021-10-23,71.71000000000001,100,71.31,85.71000000000001
2021-10-24,72.09,100,71.52,85.71000000000001
2021-10-25,73.26,100,71.52,85.71000000000001
2021-10-26,74.03,100,71.72,85.71000000000001
2021-10-27,72.09,100,72.32,85.71000000000001
2021-10-28,70.53999999999999,100,72.53,80
2021-10-29,72.48,100,72.53,82.86
2021-10-30,73.64,100,72.53,85.71000000000001
2021-10-31,73.26,100,72.53,82.86
2021-11-01,75.19,100,72.32,97.14
2021-11-02,74.03,100,73.13,94.29
2021-11-03,72.09,100,73.94,94.29
2021-11-04,71.71000000000001,88,74.75,97.14
2021-11-05,71.32,88,74.75,97.14
2021-11-06,70.53999999999999,88,74.75,97.14
2021-11-07,69.77,88,75.15,97.14
2021-11-08,71.71000000000001,88,76.36,94.29
2021-11-09,72.48,88,76.36,91.43
2021-11-10,68.99,88,77.58,97.14
2021-11-11,67.83,88,76.97,94.29
2021-11-12,67.83,88,76.77,97.14
2021-11-13,66.67,88,76.36,97.14
2021-11-14,67.44,88,76.57,97.14
2021-11-15,67.83,84,76.57,97.14
2021-11-16,69.38,84,76.97,97.14
2021-11-17,70.16,84,77.17,97.14
2021-11-18,71.32,84,77.17,97.14
2021-11-19,69.38,96,77.17,97.14
2021-11-20,69.77,96,76.97,94.29
2021-11-21,70.93,96,76.57,94.29
2021-11-22,72.09,96,75.76,94.29
2021-11-23,73.26,96,75.56,91.43
2021-11-24,71.71000000000001,96,75.15,82.86
2021-11-25,71.71000000000001,96,75.15,85.71000000000001
2021-11-26,70.93,100,75.15,82.86
2021-11-27,68.22,100,74.75,82.86
2021-11-28,68.6,100,74.75,80
2021-11-29,69.77,100,74.55,82.86
2021-11-30,71.32,100,74.55,85.71000000000001
2021-12-01,70.93,100,75.35,85.71000000000001
2021-12-02,69.77,100,74.75,85.71000000000001
2021-12-03,74.81,100,74.75,85.71000000000001
2021-12-04,76.36,100,74.75,85.71000000000001
2021-12-05,76.74,100,74.55,82.86
2021-12-06,77.52,96,74.14,85.71000000000001
2021-12-07,78.68,100,74.34,85.71000000000001
2021-12-08,78.68,96,74.34,85.71000000000001
2021-12-09,79.07,96,74.14,85.71000000000001
2021-12-10,79.84,96,73.74,82.86
2021-12-11,78.68,96,73.94,82.86
2021-12-12,77.52,96,74.14,82.86
2021-12-13,76.74,96,74.14,82.86
2021-12-14,75.19,96,74.55,82.86
2021-12-15,75.58,96,74.34,82.86
2021-12-16,75.58,96,74.55,85.71000000000001
2021-12-17,74.81,96,74.75,88.57
2021-12-18,74.42,96,74.55,88.57
2021-12-19,74.03,96,73.94,88.57
2021-12-20,73.64,92,74.14,88.57
2021-12-21,72.48,92,74.34,88.57
2021-12-22,70.93,88,73.94,100
2021-12-23,68.22,88,74.14,100
2021-12-24,64.34,88,74.14,100
2021-12-25,62.4,88,73.94,100
2021-12-26,61.24,88,73.94,94.29
2021-12-27,59.3,88,73.94,94.29
2021-12-28,58.91,88,73.74,97.14
2021-12-29,60.08,88,73.94,94.29
2021-12-30,60.08,88,73.33,97.14
2021-12-31,60.85,92,72.73,97.14
2022-01-01,61.24,92,72.73,97.14
2022-01-02,62.79,92,72.93,97.14
2022-01-03,65.89,96,72.93,97.14
2022-01-04,67.05,96,72.93,97.14
2022-01-05,66.67,100,72.12,100
2022-01-06,66.28,100,71.72,100
2022-01-07,67.05,100,72.12,94.29
2022-01-08,66.28,100,71.92,94.29
2022-01-09,65.89,100,71.92,94.29
2022-01-10,67.05,100,71.72,94.29
2022-01-11,68.22,100,71.52,94.29
2022-01-12,67.83,100,71.72,94.29
2022-01-13,68.22,100,72.73,91.43
2022-01-14,69.77,100,72.73,91.43
2022-01-15,69.77,100,72.53,94.29
2022-01-16,70.16,100,72.53,94.29
2022-01-17,71.71000000000001,100,72.12,94.29
2022-01-18,71.32,100,72.53,97.14
2022-01-19,72.48,100,72.32,97.14
2022-01-20,75.58,100,72.53,94.29
2022-01-21,74.03,100,72.32,94.29
2022-01-22,74.03,100,72.32,94.29
2022-01-23,72.87,100,71.72,94.29
2022-01-24,72.48,100,71.52,91.43
2022-01-25,72.09,100,71.92,94.29
2022-01-26,70.16,100,72.53,91.43
2022-01-27,68.6,96,73.94,91.43
2022-01-28,69.77,96,73.94,91.43
2022-01-29,70.16,96,74.14,91.43
2022-01-30,70.16,96,73.94,91.43
2022-01-31,71.32,96,73.74,94.29
2022-02-01,69.77,96,73.53999999999999,94.29
2022-02-02,70.93,96,73.53999999999999,94.29
2022-02-03,70.93,96,72.93,94.29
2022-02-04,68.99,96,72.93,100
2022-02-05,70.16,96,72.73,100
2022-02-06,67.83,96,72.73,100
2022-02-07,67.83,100,73.33,97.14
2022-02-08,66.67,100,73.74,100
2022-02-09,68.22,100,73.74,97.14
2022-02-10,69.38,100,73.53999999999999,91.43
2022-02-11,70.53999999999999,100,74.14,91.43
2022-02-12,70.16,100,74.34,91.43
2022-02-13,70.16,100,73.94,91.43
2022-02-14,71.32,100,73.33,94.29
2022-02-15,70.16,100,73.13,94.29
2022-02-16,70.16,96,72.93,91.43
2022-02-17,68.22,96,73.53999999999999,94.29
2022-02-18,68.6,100,74.14,94.29
2022-02-19,68.22,100,73.94,94.29
2022-02-20,68.99,100,73.94,94.29
2022-02-21,70.53999999999999,100,72.93,97.14
2022-02-22,70.53999999999999,100,73.33,94.29
2022-02-23,68.6,100,73.74,94.29
2022-02-24,69.38,100,74.34,94.29
2022-02-25,69.38,100,74.95,94.29
2022-02-26,70.16,100,74.14,91.43
2022-02-27,69.77,100,74.14,91.43
2022-02-28,69.77,100,74.95,94.29
2022-03-01,69.77,100,75.15,88.57
2022-03-02,68.99,100,74.75,85.71000000000001
2022-03-03,67.44,100,74.75,85.71000000000001
2022-03-04,65.12,100,74.95,85.71000000000001
2022-03-05,67.44,100,74.95,88.57
2022-03-06,67.44,100,74.75,88.57
2022-03-07,70.16,100,74.14,88.57
2022-03-08,68.99,100,73.74,88.57
2022-03-09,71.32,100,73.74,85.71000000000001
2022-03-10,72.87,100,73.13,80
2022-03-11,72.87,100,73.74,80
2022-03-12,72.48,100,73.94,80
2022-03-13,73.64,100,73.94,77.14
2022-03-14,72.87,100,73.94,80
2022-03-15,73.64,100,73.74,80
2022-03-16,73.64,100,73.94,80
2022-03-17,72.48,100,73.53999999999999,80
2022-03-18,73.26,100,73.33,82.86
2022-03-19,71.32,100,73.33,82.86
2022-03-20,71.32,100,73.33,82.86
2022-03-21,73.26,100,73.33,82.86
2022-03-22,73.26,100,72.93,82.86
2022-03-23,75.58,100,72.93,82.86
2022-03-24,76.74,100,72.73,88.57
2022-03-25,77.91,100,73.13,88.57
2022-03-26,76.36,100,73.13,91.43
2022-03-27,76.74,100,73.13,88.57
2022-03-28,74.81,96,73.13,88.57
2022-03-29,75.19,96,73.33,88.57
2022-03-30,74.42,96,73.94,88.57
2022-03-31,74.03,96,74.14,88.57
2022-04-01,74.03,96,74.34,88.57
2022-04-02,74.81,96,74.34,88.57
2022-04-03,75.97,96,73.74,88.57
2022-04-04,78,92,74.75,91.43
2022-04-05,75.6,92,74.95,94.29
2022-04-06,75.6,92,75.15,94.29
2022-04-07,76.8,92,74.95,97.14
2022-04-08,77.6,92,74.75,94.29
2022-04-09,78.4,92,74.75,94.29
2022-04-10,78,92,74.95,91.43
2022-04-11,76,92,75.56,100
2022-04-12,77.2,96,75.96000000000001,100
2022-04-13,76.8,96,75.56,97.14
2022-04-14,76,96,75.56,100
2022-04-15,76.4,96,75.56,91.43
2022-04-16,76,96,75.76,91.43
2022-04-17,76,100,75.76,94.29
2022-04-18,78.4,100,74.34,94.29
2022-04-19,77.2,100,74.75,88.57
2022-04-20,77.6,100,74.75,85.71000000000001
2022-04-21,78,100,74.34,80
2022-04-22,79.2,100,74.14,82.86
2022-04-23,79.2,100,73.53999999999999,80
2022-04-24,80,100,73.33,80
2022-04-25,77.6,100,74.55,82.86
2022-04-26,77.6,100,74.95,82.86
2022-04-27,77.6,100,74.95,82.86
2022-04-28,78,100,75.35,85.71000000000001
2022-04-29,78,100,75.96000000000001,85.71000000000001
2022-04-30,77.2,100,75.76,88.57
2022-05-01,74.4,100,75.76,88.57
2022-05-02,75.2,100,75.15,88.57
2022-05-03,74.8,100,75.35,88.57
2022-05-04,74.4,100,75.35,85.71000000000001
2022-05-05,75.2,100,75.76,82.86
2022-05-06,73.2,100,75.76,82.86
2022-05-07,72,100,75.56,85.71000000000001
2022-05-08,73.2,100,75.56,85.71000000000001
2022-05-09,73.6,100,76.16,91.43
2022-05-10,74,100,76.77,91.43
2022-05-11,74,100,76.77,94.29
2022-05-12,75.6,100,76.57,88.57
2022-05-14,76,100,76.57,94.29
2022-05-15,74.8,100,76.57,94.29
2022-05-16,76.4,100,76.77,91.43
2022-05-17,80.4,100,76.57,91.43
2022-05-18,80.4,100,76.97,91.43
2022-05-19,81.2,100,76.97,91.43
2022-05-20,80,100,76.57,91.43
2022-05-21,80.8,100,76.77,88.57
2022-05-22,81.2,100,76.16,88.57
2022-05-23,82,100,76.36,82.86
2022-05-24,80.8,100,76.36,85.71000000000001
2022-05-25,84.8,100,76.36,91.43
2022-05-26,84,100,76.57,94.29
2022-05-27,84,100,76.36,94.29
2022-05-28,84.8,100,76.36,94.29
2022-05-29,84.8,100,75.96000000000001,94.29
2022-05-30,83.2,100,76.16,97.14
2022-05-31,82.8,100,75.35,97.14
2022-06-01,83.2,100,74.55,94.29
2022-06-02,82.4,100,75.15,97.14
2022-06-03,81.6,100,75.35,94.29
2022-06-04,82,100,75.15,91.43
2022-06-05,82.4,100,74.75,97.14
2022-06-06,83.2,100,74.75,97.14
2022-06-07,82.8,100,74.55,97.14
2022-06-08,84.8,96,73.74,97.14
2022-06-09,86.4,96,75.15,97.14
2022-06-10,84.8,96,75.56,97.14
2022-06-11,84.4,92,75.56,94.29
2022-06-12,84.4,92,75.76,94.29
2022-06-13,85.6,92,75.96000000000001,94.29
2022-06-14,86,92,76.57,91.43
2022-06-15,84.4,92,77.17,97.14
2022-06-16,87.2,92,78.18,94.29
2022-06-17,87.2,92,77.58,94.29
2022-06-18,86,92,76.57,94.29
2022-06-19,86.4,92,76.57,94.29
2022-06-20,84.8,92,76.77,97.14
2022-06-21,86.8,88,75.96000000000001,97.14
2022-06-22,86.8,84,75.96000000000001,97.14
2022-06-23,86.8,80,75.76,97.14
2022-06-24,87.2,80,74.55,94.29
2022-06-25,87.6,80,74.55,94.29
2022-06-26,88,76,74.34,94.29
2022-06-27,88.4,76,74.14,94.29
2022-06-28,88.8,68,74.34,91.43
2022-06-29,86.8,56,74.14,88.57
2022-06-30,78,40,73.33,88.57
2022-07-01,82.95,100,82,91.43
2022-07-02,84.11,100,82,94.29
2022-07-03,84.88,100,82,94.29
2022-07-04,84.11,100,82.24,94.29
2022-07-05,86.05,100,81.27,91.43
2022-07-06,86.05,100,80.53999999999999,94.29
2022-07-07,86.43,100,80.53999999999999,97.14
2022-07-08,83.33,100,80.53999999999999,97.14
2022-07-09,83.33,100,80.28999999999999,97.14
2022-07-10,83.72,100,80.28999999999999,97.14
2022-07-11,83.72,100,80.05,91.43
2022-07-12,83.72,100,79.56,91.43
2022-07-13,82.17,100,80.53999999999999,94.29
2022-07-14,84.88,100,81.02,94.29
2022-07-15,80.62,100,81.75,97.14
2022-07-16,79.46000000000001,100,82,97.14
2022-07-17,79.84,100,81.75,97.14
2022-07-18,78.28999999999999,100,81.75,97.14
2022-07-19,76.74,100,82.24,94.29
2022-07-20,78.28999999999999,100,83.21000000000001,94.29
2022-07-21,77.91,100,83.45,94.29
2022-07-22,76.36,100,84.18,94.29
2022-07-23,77.13,100,84.18,94.29
2022-07-24,77.13,100,83.94,94.29
2022-07-25,76.74,100,83.94,85.71000000000001
2022-07-26,75.97,100,83.45,85.71000000000001
2022-07-27,75.97,100,84.18,85.71000000000001
2022-07-28,76.74,100,85.4,88.57
2022-07-29,74.81,100,85.4,88.57
2022-07-30,76.74,100,85.4,88.57
2022-07-31,77.91,100,85.4,88.57
2022-08-01,77.52,100,85.89,88.57
2022-08-02,75.97,100,85.16,82.86
2022-08-03,75.58,100,85.4,88.57
2022-08-04,77.13,100,84.91,91.43
2022-08-05,77.91,100,85.4,91.43
2022-08-06,76.74,100,85.16,91.43
2022-08-07,77.52,100,84.91,94.29
2022-08-08,75.97,100,84.67,94.29
2022-08-09,75.19,100,84.91,91.43
2022-08-10,75.97,100,85.4,91.43
2022-08-11,78.68,100,84.91,91.43
2022-08-12,79.46000000000001,100,84.91,88.57
2022-08-13,78.28999999999999,100,85.16,88.57
2022-08-14,77.52,100,84.91,88.57
2022-08-15,79.46000000000001,100,84.43,91.43
2022-08-16,81.4,100,83.94,91.43
2022-08-17,81.4,100,84.18,94.29
2022-08-18,81.4,100,84.43,94.29
2022-08-19,81.4,100,85.16,94.29
2022-08-20,80.23,90,85.16,94.29
2022-08-21,80.62,90,85.16,94.29
2022-08-22,79.84,90,84.43,94.29
2022-08-23,81.01,90,84.43,94.29
2022-08-24,82.17,90,84.43,94.29
2022-08-25,81.4,90,84.91,94.29
2022-08-26,81.01,90,84.91,94.29
2022-08-27,80.62,90,84.91,97.14
2022-08-28,80.62,90,84.18,97.14
2022-08-29,80.62,90,84.18,97.14
2022-08-30,79.84,90,84.43,94.29
2022-08-31,80.62,90,84.67,100
2022-09-01,82.95,90,85.4,100
2022-09-02,82.95,100,84.67,100
2022-09-03,81.78,100,84.91,100
2022-09-04,81.78,100,84.91,100
2022-09-05,82.95,100,84.91,97.14
2022-09-06,82.56,100,85.4,97.14
2022-09-07,83.72,100,85.89,94.29
2022-09-08,84.88,100,85.89,100
2022-09-09,82.17,100,85.89,100
2022-09-10,81.78,100,85.89,100
2022-09-11,81.01,100,85.64,97.14
2022-09-12,79.84,100,85.89,94.29
2022-09-13,81.01,100,85.16,94.29
2022-09-14,84.5,100,84.67,97.14
2022-09-15,84.11,100,85.16,97.14
2022-09-16,83.72,100,85.4,97.14
2022-09-17,83.33,100,84.91,97.14
2022-09-18,82.95,100,84.91,94.29
2022-09-19,82.95,100,84.43,91.43
2022-09-20,84.5,100,84.18,91.43
2022-09-21,84.88,100,84.18,91.43
2022-09-22,84.88,100,84.18,94.29
2022-09-23,84.11,100,84.18,100
2022-09-24,82.17,100,84.43,97.14
2022-09-25,81.4,100,84.67,97.14
2022-09-26,79.84,100,84.18,100
2022-09-27,79.84,100,83.94,100
2022-09-28,80.62,100,83.21000000000001,100
2022-09-29,82.17,100,83.21000000000001,100
2022-09-30,83.33,100,82.73,100
2022-10-01,82.17,100,83.7,100
2022-10-02,81.01,100,84.18,97.14
2022-10-03,82.17,100,83.7,97.14
2022-10-04,81.78,100,85.16,97.14
2022-10-05,82.95,90,85.4,100
2022-10-06,84.5,90,84.67,100
2022-10-07,83.72,90,85.4,100
2022-10-08,84.11,100,84.91,100
2022-10-09,83.33,100,84.67,100
2022-10-10,82.56,100,84.18,100
2022-10-11,83.33,100,85.16,100
2022-10-12,84.5,100,85.4,100
2022-10-13,82.95,100,85.89,97.14
2022-10-14,83.72,100,85.16,94.29
2022-10-15,82.56,100,85.16,94.29
2022-10-16,82.56,100,84.91,94.29
2022-10-17,81.78,100,84.91,94.29
2022-10-18,81.4,100,84.67,94.29
2022-10-19,81.01,100,85.16,94.29
2022-10-20,81.78,100,84.91,91.43
2022-10-21,82.17,100,84.67,88.57
2022-10-22,82.95,100,85.4,91.43
2022-10-23,82.95,100,85.64,94.29
2022-10-24,83.33,100,85.64,91.43
2022-10-25,84.5,100,85.4,91.43
2022-10-26,84.88,100,84.43,91.43
2022-10-27,86.43,100,84.43,91.43
2022-10-28,85.27,100,84.18,91.43
2022-10-29,84.5,100,84.43,88.57
2022-10-30,84.5,100,83.94,91.43
2022-10-31,83.72,100,83.7,94.29
2022-11-01,83.33,100,83.21000000000001,94.29
2022-11-02,82.56,100,83.45,97.14
2022-11-03,84.11,100,79.12,97.14
2022-11-04,85.27,100,79.12,97.14
2022-11-05,84.88,100,78.65,97.14
2022-11-06,84.5,100,77.73,97.14
2022-11-07,87.6,100,77.49,97.14
2022-11-08,86.82,100,77.26,94.29
2022-11-09,89.53,100,76.8,94.29
2022-11-10,87.98,100,76.57,88.57
2022-11-11,87.98,100,76.33,94.29
2022-11-12,86.05,100,76.57,94.29
2022-11-13,85.27,100,76.8,91.43
2022-11-14,84.88,80,77.49,91.43
2022-11-15,86.05,90,78.42,91.43
2022-11-16,86.43,100,79.12,94.29
2022-11-17,86.43,100,80.28,91.43
2022-11-18,84.88,90,81.44,91.43
2022-11-19,84.11,90,80.97,91.43
2022-11-20,84.88,90,81.44,77.14
2022-11-21,86.05,100,80.97,85.71000000000001
2022-11-22,87.21000000000001,100,80.28,91.43
2022-11-23,86.43,100,81.67,91.43
2022-11-24,84.88,100,80.97,88.57
2022-11-25,85.66,100,80.51,85.71000000000001
2022-11-26,85.27,100,80.51,82.86
2022-11-27,86.05,100,80.28,82.86
2022-11-28,88.37,100,80.28,88.57
2022-11-29,87.21000000000001,100,80.74,94.29
2022-11-30,87.21000000000001,100,80.74,91.43
2022-12-01,87.6,100,80.28,88.57
2022-12-02,85.27,100,80.74,88.57
2022-12-03,86.82,100,80.74,88.57
2022-12-04,86.82,100,80.51,88.57
2022-12-05,85.27,100,81.44,91.43
2022-12-06,84.88,100,81.9,91.43
2022-12-07,86.05,100,81.67,91.43
2022-12-08,84.88,100,78.71000000000001,88.57
2022-12-09,82.56,100,78.71000000000001,91.43
2022-12-10,82.56,100,79.16,91.43
2022-12-11,81.78,100,79.38,85.71000000000001
2022-12-12,79.07,100,80.03999999999999,91.43
2022-12-13,79.07,100,80.27,91.43
2022-12-14,79.07,100,79.6,91.43
2022-12-15,77.91,100,80.27,91.43
2022-12-16,75.97,100,79.82,91.43
2022-12-17,76.36,100,80.71000000000001,91.43
2022-12-18,75.19,100,80.71000000000001,91.43
2022-12-19,75.19,100,80.93,88.57
2022-12-20,76.36,100,81.37,88.57
2022-12-21,77.13,100,80.93,88.57
2022-12-22,78.68,100,80.71000000000001,88.57
2022-12-23,79.84,100,80.71000000000001,88.57
2022-12-24,79.07,100,80.49,88.57
2022-12-25,79.07,100,80.03999999999999,88.57
2022-12-26,78.68,100,80.71000000000001,91.43
2022-12-27,78.68,100,81.37,88.57
2022-12-28,77.91,100,81.15,97.14
2022-12-29,77.13,100,81.15,97.14
2022-12-30,78.68,100,80.93,94.29
2022-12-31,78.28999999999999,100,81.6,91.43
2023-01-01,78.68,100,81.82,91.43
2023-01-02,74.81,100,82.93,97.14
2023-01-03,74.42,100,82.48,100
2023-01-04,78.28999999999999,100,81.6,100
2023-01-05,77.91,100,82.03999999999999,94.29
2023-01-06,79.46000000000001,100,81.37,91.43
2023-01-07,80.62,100,81.15,91.43
2023-01-08,79.84,100,81.82,91.43
2023-01-09,79.07,90,81.82,91.43
2023-01-10,78.68,100,81.82,94.29
2023-01-11,81.78,100,81.82,91.43
2023-01-12,81.78,100,81.6,91.43
2023-01-13,81.01,100,81.37,94.29
2023-01-14,81.01,100,80.93,94.29
2023-01-15,82.95,100,80.49,94.29
2023-01-16,82.95,100,80.27,94.29
2023-01-17,84.88,100,79.82,97.14
2023-01-18,84.11,100,79.38,88.57
2023-01-19,79.07,100,80.27,94.29
2023-01-20,80.62,100,80.93,91.43
2023-01-21,79.84,100,81.37,88.57
2023-01-22,80.23,100,81.37,88.57
2023-01-23,80.62,100,81.37,85.71000000000001
2023-01-24,84.11,100,81.6,88.57
2023-01-25,82.95,100,81.6,85.71000000000001
2023-01-26,82.17,100,82.03999999999999,88.57
2023-01-27,80.23,100,81.82,88.57
2023-01-28,80.62,100,81.82,88.57
2023-01-29,80.23,90,81.6,88.57
2023-01-30,79.07,100,82.03999999999999,88.57
2023-01-31,79.46000000000001,100,82.03999999999999,88.57
2023-02-01,80.62,100,82.26,85.71000000000001
2023-02-02,80.23,100,83.15,85.71000000000001
2023-02-03,79.84,100,82.71000000000001,82.86
2023-02-04,77.91,100,82.26,85.71000000000001
2023-02-05,77.13,100,81.82,85.71000000000001
2023-02-06,77.91,100,81.82,100
2023-02-07,80.23,100,82.26,100
2023-02-08,82.17,100,82.03999999999999,97.14
2023-02-09,83.33,100,82.03999999999999,97.14
2023-02-10,84.88,100,81.6,97.14
2023-02-11,84.11,100,81.37,97.14
2023-02-12,82.95,100,81.37,97.14
2023-02-13,82.56,100,80.71000000000001,97.14
2023-02-14,79.07,100,81.15,97.14
2023-02-15,78.68,100,81.37,97.14
2023-02-16,78.68,100,82.03999999999999,100
2023-02-17,80.23,100,82.93,97.14
2023-02-18,78.68,100,82.26,97.14
2023-02-19,79.46000000000001,100,81.82,97.14
2023-02-20,79.07,100,82.48,97.14
2023-02-21,78.68,100,82.48,97.14
2023-02-22,78.28999999999999,100,82.93,97.14
2023-02-23,77.91,100,83.37,91.43
2023-02-24,75.97,100,80.25,91.43
2023-02-25,76.36,100,81.1,91.43
2023-02-26,75.19,100,81.32,91.43
2023-02-27,76.36,90,81.32,91.43
2023-02-28,75.58,100,81.53,94.29
2023-03-01,72.48,100,81.32,100
2023-03-02,73.64,100,81.95,100
2023-03-03,74.03,100,82.17,97.14
2023-03-04,72.87,100,83.23,97.14
2023-03-05,71.71000000000001,100,83.01,97.14
2023-03-06,70.93,90,83.01,94.29
2023-03-07,73.26,90,83.65,94.29
2023-03-08,74.81,90,83.44,94.29
2023-03-09,75.58,100,83.01,94.29
2023-03-10,75.19,100,83.86,91.43
2023-03-11,75.97,100,84.28999999999999,94.29
2023-03-12,76.74,100,83.65,94.29
2023-03-13,77.52,100,84.08,97.14
2023-03-14,77.91,100,84.5,100
2023-03-15,75.97,100,84.28999999999999,100
2023-03-16,77.13,100,85.56,100
2023-03-17,76.36,100,85.77,97.14
2023-03-18,77.13,100,86.2,100
2023-03-19,75.97,100,86.2,100
2023-03-20,74.81,100,86.62,97.14
2023-03-21,72.48,100,86.62,97.14
2023-03-22,70.93,100,86.41,97.14
2023-03-23,68.6,100,87.05,97.14
2023-03-24,69.77,100,86.84,94.29
2023-03-25,70.93,100,86.62,94.29
2023-03-26,71.32,100,86.2,94.29
2023-03-27,70.16,100,82.48,94.29
2023-03-28,69.38,90,82.28,94.29
2023-03-29,69.38,90,82.48,97.14
2023-03-30,68.99,90,82.48,94.29
2023-03-31,69.77,90,82.08,94.29
2023-04-01,70.93,90,82.28,94.29
2023-04-02,70.16,90,82.48,94.29
2023-04-03,71.32,90,82.08,94.29
2023-04-04,72.87,100,82.08,97.14
2023-04-05,73.26,100,82.08,100
2023-04-06,74.03,100,83.3,94.29
2023-04-07,74.81,100,83.3,94.29
2023-04-08,75.97,100,83.3,94.29
2023-04-09,76.36,100,83.1,94.29
2023-04-10,77.13,100,82.89,97.14
2023-04-11,77.91,100,83.1,97.14
2023-04-12,77.91,100,82.69,94.29
2023-04-13,75.97,100,83.5,88.57
2023-04-14,77.13,100,83.3,91.43
2023-04-15,76.36,100,83.5,91.43
2023-04-16,73.64,100,82.89,94.29
2023-04-17,74.42,100,82.08,94.29
2023-04-18,75.97,100,81.87,94.29
2023-04-19,76.74,100,82.89,97.14
2023-04-20,77.91,90,83.1,97.14
2023-04-21,75.97,90,83.1,91.43
2023-04-22,78.28999999999999,90,82.69,94.29
2023-04-23,79.46000000000001,90,82.08,94.29
2023-04-24,80.23,90,81.87,94.29
2023-04-25,79.46000000000001,100,82.48,97.14
2023-04-26,76.74,100,82.28,97.14
2023-04-27,76.36,100,82.69,94.29
2023-04-28,76.74,100,82.69,91.43
2023-04-29,77.91,100,81.47,91.43
2023-04-30,78.28999999999999,90,81.26,91.43
2023-05-01,78.68,36,78.85,91.43
2023-05-02,80.23,36,78.66,91.43
2023-05-03,82.17,40,78.66,91.43
2023-05-04,82.17,40,78.66,94.29
2023-05-05,83.33,40,78.26,94.29
2023-05-06,81.01,40,77.67,94.29
2023-05-07,81.4,40,77.47,94.29
2023-05-08,80.62,40,78.06,94.29
2023-05-09,83.72,48,77.67,97.14
2023-05-10,82.17,48,77.87,100
2023-05-11,82.95,60,77.47,97.14
2023-05-12,82.17,60,77.27,100
2023-05-13,81.4,60,76.28,94.29
2023-05-14,82.17,60,76.48,100
2023-05-15,82.56,60,76.28,91.43
2023-05-16,82.95,60,76.48,91.43
2023-05-17,82.95,72,76.28,88.57
2023-05-18,83.33,72,76.68,94.29
2023-05-19,82.95,72,76.68,94.29
2023-05-20,83.72,72,76.48,94.29
2023-05-21,83.33,72,76.68,91.43
2023-05-22,83.33,68,76.68,100
2023-05-23,86.05,72,77.08,97.14
2023-05-24,86.05,76,76.28,100
2023-05-25,87.6,76,76.09,97.14
2023-05-26,86.82,80,76.28,100
2023-05-27,86.82,80,76.28,100
2023-05-28,85.66,80,75.89,100
2023-05-29,85.27,76,75.49,100
2023-05-30,82.95,84,76.68,100
2023-05-31,82.95,80,77.08,100
2023-06-01,82.95,80,77.27,100
2023-06-02,82.17,84,78.66,100
2023-06-03,82.56,84,79.05,100
2023-06-04,82.17,84,79.05,100
2023-06-05,81.01,88,78.46000000000001,94.29
2023-06-06,79.84,88,78.46000000000001,100
2023-06-07,80.23,88,79.25,100
2023-06-08,80.23,88,80.24,100
2023-06-09,80.62,84,80.03999999999999,94.29
2023-06-10,80.62,88,80.03999999999999,94.29
2023-06-11,81.4,84,80.24,91.43
2023-06-12,81.01,92,80.24,97.14
2023-06-13,81.01,92,80.24,94.29
2023-06-14,81.01,92,79.84,100
2023-06-15,79.84,92,79.84,100
2023-06-16,79.84,92,79.45,100
2023-06-17,80.23,92,79.64,100
2023-06-18,80.62,92,82.08,100
2023-06-19,81.78,92,82.08,94.29
2023-06-20,81.78,92,82.48,94.29
2023-06-21,80.62,92,82.48,94.29
2023-06-22,81.78,96,84.52,97.14
2023-06-23,83.72,96,84.52,97.14
2023-06-24,83.72,96,84.52,97.14
2023-06-25,82.95,96,84.73,94.29
2023-06-26,82.56,100,84.52,94.29
2023-06-27,81.78,96,83.91,91.43
2023-06-28,81.4,96,84.11,94.29
2023-06-29,81.4,100,84.32,94.29
2023-06-30,80.23,100,83.1,97.14
